company,count
McDonald's,41
Jobot,29
GE Appliances,22
voestalpine Roll Forming Corporation,21
NaN,21
Wayne Russell & Associates LLC,18
Trane Technologies,17
T. Marzetti Company,16
Barrister Global Services Network INC,16
Link-Belt Cranes,15
Lantech,14
New Flyer,12
Hussey Copper,12
Amcor,12
Adient,12
Electrolux,12
BAE Systems,11
Baker Group,11
Hitachi,11
Midea,10
Schneider Electric,10
Johnson Controls,10
PharmaCord,10
KCC Manufacturing,10
"Samtec, Inc",10
"SAMTEC, INC",10
North American Stainless,10
Wachter,10
"Sumitomo Electric Wiring Systems, Inc.",9
Ford Motor Company,9
Magna International,9
Piramal Pharma Solutions,9
Concentra,9
KFI Engineers,9
Lockheed Martin,9
Dorman Products,8
Michelin,8
Sazerac Company,8
Midea America,8
Turner Construction Company,8
FORTNA,8
Chemours,8
Jobs via Dice,8
BlueOval SK,7
Army National Guard,7
EY,7
Conagra Brands,7
Norton Healthcare,7
The Chemours Company,7
UPS,7
Faurecia,7
Sumitomo Electric Industries,7
CONAGRA,7
Piramal Enterprises,7
Legence,7
"Berry Global, Inc",7
"GE Appliances, a Haier company",6
CHEMICAL & INDUSTRIAL ENGINEER,6
Sumitomo Electric,6
KFI Engineers PC,6
Topy America,6
University of Louisville,6
Haier,6
Army Corps of Engineers,6
"Packsize, LLC",6
BAKER GROUP,6
ZipRecruiter,6
Eurofins,6
CTDI,6
Congo Brands,6
3M,6
Link-Belt CRANES,6
Toyota North America,6
Stantec,6
Neogen Corporation,6
Big Ass Fans,6
Gray Construction,6
Franklin Precision Industry Inc,6
Holley Performance,6
ATS Companies,6
Ferrero,6
Knorr-Bremse,6
Dollar General,6
Henkel,5
Deloitte,5
ERL Inc.,5
Menasha Corporation,5
SuperATV,5
Nucor Corporation,5
PwC,5
Midea America Corp,5
Clariant,5
Emerson,5
AGC Glass North America,5
Daifuku,5
Epic,5
Raytheon,5
University of Kentucky,5
C&I Engineering,5
Cardinal Health,5
Kindeva Drug Delivery,5
Disability Solutions,5
Chili's,5
Berry Global,5
Xometry,5
Randstad USA,5
SFCS Inc.,5
Hyster-Yale Materials Handling,5
"Berry Global, Inc.",5
"Wachter, Inc.",5
Yamamoto Fb Engineering,5
Dollar Tree Stores,5
Dant Clayton Corporation,4
W3Global Inc.,4
ZEON Chemicals Inc,4
Vehicle Service Group,4
Dover Corporation,4
Yamamoto,4
"Machine and Components Industries, inc",4
Menasha Corporation & Companies,4
Wieland Group,4
PharMerica,4
Unique Industries,4
Piston Automotive,4
Amatrol,4
Operio Group,4
Danfoss,4
Neff Packaging Solutions,4
US Army Corps of Engineers,4
KnowHireMatch,4
Magna International Inc.,4
CSI Solar - USA,4
Genentech,4
DOW,4
Bakelite,4
CyberCoders,4
Westfall Technik,4
"BlueOval SK, LLC",4
Car Keys Express,4
FORVIA,4
Whip Mix,4
Davis H. Elliot,4
Samtec Inc,4
Hitachi Astemo,4
Russell Tobin,4
Georgia-Pacific LLC,4
MSR Technology Group dba Infomatics,4
Tiffany & Co.,4
AVA Counsulting,4
Ensign-Bickford Aerospace & Defense Company,4
Infiltrator Water Technologies,4
Beretta USA Corporation,4
NASCO,4
Dyno Nobel,4
Dart Container,4
Commonwealth of Kentucky,4
ITW,4
Seternity Solutions,4
Hoist & Crane Service Group,4
SICK,4
Niagara Bottling,4
OTC Industrial Technologies,4
Remote Mechanic Jobs,4
Electromac,4
Bone Dry Roofing,4
Aerotek,3
Zoeller Pump Company,3
Walmart,3
Eurofins USA Genomic Services,3
Atlas Machine And Supply,3
Knipper HEALTH,3
Versa Designed Surfaces,3
Arvato,3
AMATROL,3
Kroger,3
Keurig Dr Pepper,3
Midwest Startups,3
Process Solutions & Services,3
AV Gauge & Fixture Inc.,3
Mitchell Plastics,3
Multi-Color Corporation,3
Akebono Brake Corporation,3
BAE Systems USA,3
UofL Health,3
Microorbit Consulting Services,3
PEAK Technical Services Inc.,3
REVERE PLASTICS SYSTEMS,3
Ryder System,3
Arvato USA LLC,3
"Varsity Tutors, a Nerdy Company",3
BlueOval SK LLC.,3
Raque Food Systems,3
U.S. Army Corps of Engineers,3
Touchdown Business Solutions,3
O'Neal Manufacturing Services,3
Highland Machine Tool Inc,3
Zeon Chemicals LP,3
Dow,3
Knowhirematch,3
Walker SCM,3
Hatch Global Search,3
TekTree Inc.,3
Kentucky State University,3
Sundt Construction,3
KET-Kentucky Educational Television,3
Diageo,3
Grote Industries,3
Paradise Tomato Kitchen,3
Papa John's,3
"CPS, Inc.",3
"Bitwerx, Inc.",3
Louisville Bedding Company,3
Galls,3
Parsons Corporation,3
Akkodis,3
Tetra Tech,3
Signature HealthCARE LLC,3
TowerPinkster,3
Takeda Pharmaceutical,3
NSG Pilkington,3
Pilkington North America Inc.,3
Komatsu,3
Piramal Pharma Ltd,3
Donaldson,3
Continental Greensburg,3
1440 Foods Manufacturing,3
MillenniumSoft Inc,3
The Building People,3
CSTH: EZPack/Continental Mixer,3
Neogen,3
Cleveland-Cliffs,3
"U.S. Tsubaki Power Transmission, LLC",3
Franklin Precision Industry,3
Honeywell,3
The Judge Group,3
Hatch Stamping Company,3
Electrolux Group,3
"Gray Architects & Engineers, LLC",3
Shoals Technologies Group,3
Venteon,3
Novelis,3
"Amteck, LLC",3
E-Business International,3
M&S Machining Inc,3
Western Kentucky University,3
BTech Innovations,3
"Brookside Properties, Inc.",3
Amentum,3
AAK,3
1440 Foods,3
AE Electrical Solutions,3
Rumpke Waste & Recycling,3
"Nitto, Inc.",3
Love's Travel Stops,3
Yanfeng,3
Kobelco Aluminum Products & Extrusions Inc.,3
MCC Label,3
Amazon,3
Webasto,3
"Hog Slat, Incorporated | Georgia Poultry Equipment Company",3
Kobelco,3
Halton Company,3
Bertelsmann,2
"Samtec, Inc Careers",2
1000 ConAgra Fds Packaged Fds LLC,2
Samtec,2
"Conagra Brands, Inc.",2
3 Key Consulting,2
CFS Brands LLC,2
Owings Patterns,2
Papa Johns,2
American Fuji Seal,2
"Caldwell Tanks, Inc.",2
Nucor Warehouse Systems,2
ZSG,2
Industrial Physics,2
Yusen Logistics,2
Wieland,2
Kelly,2
Deloitte US,2
Nucor Tubular - Louisville,2
Aditi Consulting,2
Knipper Health,2
Sonic Electronix,2
Kennametal,2
Turner Construction,2
Stellantis,2
"Dorman Products, Inc.",2
Danfoss International,2
Beneke Wire Company,2
Meredith Machinery,2
Kiewit Corporation,2
Unifirst,2
"Kennametal, Inc.",2
Wood Plc,2
"Design Fabricators and Integrators, LLC",2
Aston Carter,2
Autoneum,2
Amcor plc,2
IJW Whiskey Company,2
Automotive Quality and Logistics,2
Vogt Power International,2
CEVA Logistics,2
Summit Polymers,2
United Parcel Service,2
zobility,2
"Arrow International, Inc.",2
Freudenberg Group,2
Babcock Power,2
Matthew Dutton Associates,2
Tektree,2
Gates Corporation,2
Suntory Global Spirits,2
Rev-A-Shelf,2
Cummins,2
Bakelite Synthetics,2
Softinc,2
EV.Careers,2
"TG Kentucky, LLC",2
KCC Companies,2
Discount Labels,2
Acro Service Corp,2
Cinter Career,2
Lithko Contracting,2
Carrier Vibrating Equipment,2
Beam Suntory,2
Occam Design,2
UNITED PARCEL SERVICE,2
Reynolds Consumer Products LLC,2
Packsize,2
Actalent,2
MONUMENT CHEMICAL,2
"Air Distribution Technologies, Inc.",2
UNIVERSITY OF KENTUCKY FEDERAL CREDIT UNION,2
Eurofins Scientific,2
Kindeva Drug Delivery Careers,2
Quipt Home Medical,2
Convergint,2
"Link Solutions, Inc.",2
Four Rivers Nuclear Partnership,2
KVC Health Systems,2
Morrison Healthcare,2
MS Companies,2
Lithko,2
The Edge Group,2
Gray,2
Kindeva Drug Delivery/Summit Biosciences,2
Oar Staffing,2
Siemens Corp,2
Teasdale Latin Foods,2
Alltech Consulting Services Inc,2
Louisville Metro Government,2
"FASTSIGNS® OF LOUISVILLE, KY",2
T2 Biosystems,2
E&H Integrated Systems,2
Paradigm Engineers and Constructors PLLC,2
Wise Staffing Group,2
Baptist Health System KY & IN,2
PRIME,2
Genezen,2
Cushman & Wakefield,2
Find Next Hire,2
Timely Find,2
ASA Opportunities,2
AWG - American Welding and Gas,2
Sargent & Greenleaf Inc,2
VITRO,2
Skyview Industries,2
Cooper Standard,2
Freudenberg Medical,2
"Lexair, inc.",2
Formerly Summit Biosciences Inc. | KDD,2
Georgia Pacific,2
HDR,2
Georgia-Pacific,2
Sargent and Greenleaf,2
"CMTA, Inc.",2
Nenni and Associates,2
"LINAK U.S., Inc",2
Sun Recruiting - The Chemical Specialists,2
TRESUME,2
"Prominent Career Solutions, LLC",2
Ball Corporation,2
FRUEHAUF,2
Shively Bros.,2
ENSAFE,2
"Machine Time, Inc.",2
Tempur + Sealy,2
GAMARC Consulting,2
E-business International INC,2
North American Stamping Group,2
Air Equipment Company,2
GPAC,2
Affordable Personnel Services,2
Vascor Logistics,2
RaiZan Solutions,2
More Than A Bakery,2
EST Tool and Machine,2
Kirby Building Systems,2
Yazaki,2
Hendrickson,2
E- Business International inc,2
"Holley Performance Products, Inc.",2
Prysmian,2
Fruehauf Inc.,2
MGM Industries,2
OPmobility,2
"Clark Machine Tool & Die, Inc.",2
Fruehauf Inc,2
Airtech International Inc.,2
Blue Oval SK,2
EMCOR,2
Toyota,2
Heartland Automation,2
Guardians Infotech LLC,2
Endress+Hauser,2
Prysmian Group,2
"Alpha Mechanical Service, LLC. aka Alpha Energy Solutions",2
Krispy Kreme,2
Standard Clulb,2
Carrier,2
Peak Management LLC,2
Atkore,2
Image360/Allegra Printing,2
Mauser Packaging Solutions,2
Alpha Energy Solutions,2
Contech Engineered Solutions LLC,2
API Delevan,2
The Goodyear Tire & Rubber Company,2
Invictus Home Team,2
Arvato USA,2
ESFM,2
"United Employment Group, Inc.",2
Pep Boys,2
"Farmers Feed Mill, Inc.",2
Glory Global Solutions,2
Main Street Auto,2
"PSC Industries, Inc.",2
Spectra Infosystems,2
"Precision Strip, Inc.",2
Sabert,2
American Welding & Gas,2
Yanfeng Automotive,2
"CROWN CORK & SEAL USA, INC.",2
Safe Haven Security,2
Marsden Services,2
EGGER North America,2
PSC Industries,2
Toyota Boshoku America,2
"Insteel Industries, Inc",2
East Kentucky Power Cooperative,2
AZZ Inc.,2
"FASTSIGNS® of Louisville, KY",2
FERRERO,2
KPMG US,2
Accommodations Plus International,2
Gap Inc.,2
Ben Tyler Building,2
"Trace Die Cast, Inc.",2
Fabcon Precast,2
Constellium,2
Bramco Inc.,2
Webasto SE,2
Cabinetworks Group,2
Bendix Commercial Vehicle Systems LLC,2
Goodwill Industries of Kentucky,2
ProAmpac,2
"Capstone Logistics, LLC",2
Perdue Farms,2
Inked Brands,2
Walgreens,2
Ring Container Technologies,2
Irving Materials Inc.,2
"Dayton Freight Lines, Inc.",2
Precoat Metals,2
General Motors,2
Real Alloy,2
Bluegrass Ingredients Inc.,2
AESC Group,2
Cognizant,2
Fritz Winter North America LP,2
Rich Products,2
Atomic Brands,1
Idemitsu Lubricants America,1
Vaco,1
J&L Marketing,1
01460 Continental Casualty Company,1
RippleMatch Opportunities,1
"BellSouth Telecommunications, LLC",1
AT and T,1
Siddhi Integrated Manufacturing Services,1
MIC Metal Improvement Co LLC,1
"Universal Logistics Holdings, Inc.",1
"American Air Filter Company, Inc.",1
Turning Point Brands,1
"Floor and Decor Outlets of America, Inc.",1
Houchens Food Group,1
HireTalent,1
WIDIA,1
Machine and Component Industries,1
Hanesbrands,1
White Cap,1
HOSKIN & MUIR INC,1
Value Driven Solutions,1
Kenco Group,1
GardaWorld Cash,1
Boyce College,1
LER TechForce,1
AMC Health,1
Genpak,1
Corydon Machine,1
415 Michelin North America,1
LLFlex,1
MagnaWave Inc,1
Excel Services Inc,1
LLFLEX,1
Dover Precision Components,1
JASPER GROUP,1
HEALTHTRACKRX INC,1
"J&L Marketing, Inc.",1
Independence Machine & Tool,1
ITS,1
ShipMonk,1
HMI Glass,1
Rose International,1
S&P Global,1
Fortna Inc.,1
Pomeroy,1
Labor Solutions Professional,1
Kentucky Orthopedic Rehab Team,1
Allegiance Staffing,1
Edwards Moving and Rigging,1
MasterBrand Cabinets LLC,1
Ignis Global Recruitment,1
Louisville Water Company,1
Staffing,1
Southern Baptist Theological Seminary,1
NPR OF AMERICA INC,1
Quantix Supply Chain Solutions,1
Machine and Components Industries,1
Bravens,1
W.W. Williams Company,1
United Direct Solutions,1
Veterans Health Administration,1
PingWind Inc.,1
"Roller Bearing Company of America, Inc",1
PricewaterhouseCoopers,1
Select Medical,1
Pilot Company,1
AMERICAN FUJI SEAL,1
RBC Transport Dynamics,1
VDS Consulting Group,1
Consolidated Grain and Barge Co.,1
Lanter Delivery Systems,1
AmerisourceBergen Corporation,1
Restaurant Supply Chain Solutions,1
Global Payments Ltd.,1
"Restaurant Supply Chain Solutions, LLC - A Yum! Brands Co-op",1
Roche and Genentech,1
BelFlex Staffing,1
Keurig Dr Pepper Inc.,1
"O'Neal Industries, Inc.",1
PRICE WATERHOUSE COOPERS,1
American Air Filter International,1
TCI Technology Consulting Inc,1
General Fasteners Company,1
METAL POWDER PRODUCTS LLC,1
M D Building Products,1
The Southern Baptist Theological Seminary,1
Fives,1
Loram UK Ltd,1
Nucor,1
Koroseal Interior Products LLC,1
"ERL, Inc.",1
Strong Hold,1
"Madison Precision Products, Inc.",1
MCKESSON,1
Industrial Belting and Transmission,1
"Kenco Logistics Services, LLC",1
"Control Touch Systems, LLC",1
Best One Tire and Service,1
AAF International (American Air Filter),1
"Carrier Process Equipment Group, Inc",1
Independence Corrugated,1
Capstone Logistics,1
Shoe Sensation,1
GardaWorld,1
Engineered Plastic Components,1
Crown Staffing - Louisville Dixie,1
HealthTrackRx,1
Revere Plastics Systems,1
Mogi I/O : OTT/Podcast/Short Video Apps for you,1
Tennant Company,1
Austin Tri-Hawk Automotive,1
AT&T,1
"V-Soft Consulting Group, Inc.",1
"Niagara Bottling, LLC",1
AmerisourceBergen Drug Corporation,1
"WireCrafters, LLC",1
"Floor & Decor Holdings, Inc.",1
CPS Inc,1
GRUPO ANTOLIN,1
"FormWood Industries, Inc.",1
Antolin,1
CDI Corporation,1
Diversified Automation,1
Trelleborg Sealing Solutions US Inc,1
all O'Neal Industries' Affiliates,1
Diversified Automation Inc,1
bob@owingspatterns.com,1
Nucor Steel Brandenburg,1
ASC,1
Callibus,1
NYX,1
Fuji Seal America,1
O'Neal Industries,1
AUTOMOTIVE QUALITY & LOGISTICS,1
Paradise Tomato Kitchens,1
Mitsubishi Chemical,1
Mytex Polymers,1
MagnaWave,1
Reynolds Consumer Products,1
ecoATM | Gazelle,1
Accurate Personnel LLC,1
Carrier Vibrating Equipment Inc,1
Ceva Logistics,1
"O'Neal Manufacturing Services, LLC",1
Eurofins Agroscience Services,1
Foodemploymentstaffing.com,1
ecoATM LLC,1
FormWood Industries Inc,1
Design Fabricators and Integrators,1
"Nucor Tubular Products Madison, LLC.",1
Trajan Scientific and Medical,1
,1
Jasper Engines & Transmissions,1
KEYENCE CORPORATION,1
KEYENCE,1
"NYX, LLC",1
"Lithko Contracting, LLC",1
CRG Automation,1
Aisin USA Manufacturing,1
Eurofins Genomics Americas,1
Serenity Solution,1
Hanover College,1
Keyence,1
American Plastic Molding Corp,1
Ryder,1
Grupo Antolin,1
Canadian Solar,1
U.S. Army Reserve,1
I Link Communications Inc,1
Banner Health,1
"Air/Pro, Inc.",1
CDI Engineering Services,1
Virtual Employee Services (C),1
"Pivotal Solutions, Inc.",1
Ardor Health Solutions,1
Insights Training Group,1
"Artemis Electronics, LLC",1
Strategic Communications,1
Hardscuffle Inc.,1
Branex Group,1
Kentucky Blood Center,1
Orkin,1
Volt Workforce Solution,1
BHS Baptist Healthcare System,1
Grupo Antolin North America,1
Choctaw Global,1
Horizon Adult Health Care,1
Brown-Forman,1
"United Parcel Service of America, Inc.",1
International Rescue Committee,1
FastSigns of Louisville - Lyndon,1
R&E Automated Systems,1
Aisin World Corp. of America,1
"USI Consultants, Inc.",1
Three Wire Systems,1
"Trilogy Health Services, LLC",1
"City of Louisville, KY",1
Close To Home LLC,1
NTT DATA,1
Conduent,1
"Horan Hiring Solutions, LLC",1
Atrium,1
Compass Group,1
LEL Home Services,1
Planet Pharma,1
GForce Life Sciences,1
AISIN WORLD CORP. OF AMERICA,1
"Buffalo Construction, Inc.",1
Old National Bank,1
Aircraft Specialists Services,1
New Hope Services,1
Canadian Solar Inc.,1
"Conduent Commercial Solutions, LLC",1
Kentucky Blood Center Inc,1
KA Recruiting Inc.,1
USDM Life Sciences,1
Eventus WholeHealth,1
Plumbers Supply Co.,1
"225 Cardinal Health 414, LLC",1
FastSigns of Louisville,1
U.S. Army,1
Kruger Inc.,1
Sibitalent Corp,1
Paradise Tomato Kitchens - Signature Sauce. Signature Service,1
Catalent,1
RIM Recruitment Professionals,1
Southwire Company LLC,1
Bowman,1
Aircraft Specialists INC,1
CyberTec,1
Kentucky Community and Technical College System,1
Pernod Ricard,1
Parker Hannifin Corp.,1
Air Products,1
AdaptHealth,1
NCW,1
ECS Group of Companies,1
"Defense Health Agency Civilian Corps, Falls Church, VA",1
"Insights Training Group, LLC",1
"Signature HealthCARE, LLC",1
Cindavi,1
New Leaf Clinic,1
International Rescue Committee (IRC),1
Green Flush Restrooms,1
Freudenberg Medical LLC,1
Adapt Health LLC,1
Parker Hannifin Corporation,1
NIFCO,1
PNC Financial Services Group,1
MAGNAWAVE Inc,1
AECOM,1
KBR,1
Transportation Security Administration,1
Keylent,1
Ford,1
ecoATM Gazelle,1
Louisville Dryer Company (LDC),1
Harbor House of Louisville,1
1st Priority Healthcare LLC,1
Create the Team,1
"SOL ENGINEERING SERVICES, LLC",1
Kloeckner Metals Corporation,1
Russell Tobin & Associates,1
Walker SCM LLC,1
1008 Johnson Controls Inc.,1
Falls of Neuse Management LLC,1
Grote Family of Companies,1
ASB Resources,1
Beam Inc.,1
Boardwalk Pipeline Partners,1
"Sun Recruiting, Inc.",1
"Paradigm Engineers and Constructors, PLLC",1
Piramal Group,1
International Crankshaft Inc,1
"Selectek, Inc.",1
Gray Architects and Engineers LLC,1
PPL Corporation,1
"Precision Valley Communications, LLC",1
CHEMICAL & INDUSTRIAL ENGINEERING,1
iFlow Inc.,1
InsideHigherEd,1
Ricoh Colombia,1
Anduril Industries,1
Save the Children US,1
Candlewood Suites - Lexington Medical District,1
Framebridge,1
Ecruit,1
IMCS,1
Infojini Inc,1
mthree,1
The Providencia Group,1
Encompass Health,1
Toyota Motor Corporation,1
AAA USA,1
BlackRock Resources LLC,1
American Welding & Gas Inc.,1
Radial,1
Messer Construction Co.,1
Automationtechies,1
Lubrizol Corporation,1
Work4ce Inc,1
Automotive Quality & Logistics Inc. (AQL-Inc),1
Talent Legends,1
United States Air Force,1
Willcox Matthews,1
NAR Training,1
Gresham Smith,1
PrideNow,1
"CFS Brands, LLC",1
BioTalent,1
American Welding and Gas,1
Corning Incorporated,1
Universal Engineering Sciences,1
Vitro,1
Target Search Partners,1
Switch4 LLC,1
"Precision Resource, Inc.",1
"1843 KBR Services, LLC",1
"CivicMinds, Inc",1
Belcan,1
Career Crunch LLC,1
Paradigm Engineers and Constructors,1
"Lexair, Inc.",1
Blue Ridge Power,1
Genesis Aspire Partners,1
"Topy America, Inc.",1
Activ8,1
"Staffing Resource Group, Inc",1
"BAE Systems, Inc.",1
Louisville Paving and Construction,1
Leadec Corp,1
"Collins Engineers, Inc",1
Catalent Pharma Solutions,1
Altair,1
Midland Recruiters,1
Insight Global,1
VirtualVocations,1
University of Kentucky Federal Credit Union,1
Boardwalk Pipelines,1
indeed@sigilpartners.com,1
Framebridge Inc,1
Finding Candidate,1
Outcomes Staffing Solutions (OSS),1
Link-Belt,1
Leadec,1
Teradata,1
Outlier,1
International Crankshaft Incorporated,1
Sonoco,1
MetaOption LLC,1
Timberland,1
Trinity Broadcasting Network (TBN),1
TenCate Geosynthetics/Solmax,1
JE Dunn,1
TrekRecruit LLC,1
United Business Solutions,1
"Crown Holdings, Inc.",1
3M Co,1
Advatix Inc.,1
EnSiteUSA,1
Qualigence International,1
Zodiac Healthcare,1
Minuteman Group LLC,1
Top Group,1
Next Pace Technologies,1
"Integrated Mill Systems, Inc.",1
NodGigs,1
Careers @ Graham Packaging,1
ALTEN Technology USA,1
Trekrecruit LLC,1
Salve.Inno Consulting,1
Gpac,1
Radiant Groups,1
VASCOR Ltd,1
Olympic Steel,1
ITW Rivex S.A.S.,1
Precision Resource,1
IMCS Group,1
LockNet,1
"Amer Technology, Inc",1
Yazaki Corporation,1
dsm-firmenich,1
Synerfac Technical Staffing,1
"Kable Staffing - Cincinnati, OH",1
Airtech International,1
"Kalkreuth Roofing & Sheet Metal, Inc",1
US Office of Surface Mining Reclamation and Enforcement,1
"Schneider Electric USA, Inc",1
Solmax,1
CSL,1
Freeman Corporation,1
Electromac Group,1
U.S. Department of Veterans Affairs,1
ALTEN,1
"Acara Solutions, An Aleron Company",1
LM Wind Power / GE,1
"HITACHI ASTEMO AMERICAS, INC.",1
"Kalkreuth Roofing & Sheet Metal, Inc.",1
SEGULA Technologies,1
Zodiac Solutions,1
Valvoline Global Operations,1
JMJ Phillip Group,1
"Medline Industries, LP",1
Biomass Engineering & Equipment,1
Amteck,1
"US Tsubaki Automotive, LLC",1
Comtec Information Systems,1
YAZAKI Corporation,1
EnerSys,1
Burns & McDonnell,1
Hyster-Yale,1
More Than A Bakery 360 Inc,1
Steel Works Supply,1
EnSafe Inc.,1
The J. M. Smucker Company,1
Asbury University,1
Contemporary Amperex Technology Kentucky LLC,1
"Hitachi, Ltd.",1
DSM,1
Enersys,1
Lauren Concrete,1
Endress+Hauser Group,1
JF Petroleum Group,1
Shelby County Public Schools,1
Beacon Electric Company,1
Adkev,1
LB Manufacturing,1
Allgeier Air,1
Allegra Printing,1
CollisionRight,1
Industrious Group Inc.,1
Mister Sparky Electric,1
Koch Air,1
Qodoro,1
Cabot Corporation,1
Greenwood Star LLC,1
TOPS Staffing,1
"Dynamic Air Solutions, LLC",1
Rivian,1
Bacardi Limited,1
Prism Specialties,1
Unifi,1
Avion Hospitality,1
Dürr Systems Inc,1
"Westfall Technik, LLC",1
Ranpak Corp.,1
Sungrow USA Corporation,1
Tires Plus Total Car Care,1
Moe Connections,1
Greystar,1
Peak Living,1
AAK USA K1 LLC,1
Moxie Pest Control,1
Mitchell & Associates,1
Flagship Communities,1
Edw. C. Levy Co.,1
ProLift,1
SpringHill Suites Louisville Downtown,1
Hersha Hospitality Management LP,1
Aphix,1
Integrity Rise Management LLC,1
"Jarboe's Heating, Cooling & Plumbing",1
J & S Builders,1
Loram,1
KIA Veterans Technician Apprenticeship Program (VTAP),1
"Vector Security, Inc.",1
Pro Mach,1
WorldBridge Partners,1
CLIMB Works,1
Budweiser,1
NSG Group,1
NTS Development,1
Jooble,1
Buckingham Companies,1
McKesson Corporation,1
BH MANAGEMENT SERVICES LLC,1
Grainger,1
Vitality Living,1
Student Quarters,1
EquipmentShare,1
Firmament Solutions Inc.,1
Coburn's Exclusive,1
Joe Hudson's Collision Center,1
"Graphic Packaging International, LLC",1
Nationwide Technical & Executive Search,1
"FIBA Technologies, Inc.",1
"NasTech Global, Inc.,",1
Endress+Hauser Inc.,1
Lockheed Martin Corporation,1
Siemens,1
"Talis Group, Inc.",1
"Raymond Storage Concepts, Inc.",1
Vector Security,1
Pure IT,1
Bacardi-Martini,1
The Car Park,1
Perfection Group,1
Gallery Residential,1
AAK International,1
Premier Packaging,1
Koroseal Interior Products,1
AAK USA Incorporated,1
Zips Car Wash,1
Durr Group,1
Capital Property Management Solutions,1
Endress+Hauser Ltd,1
ABB,1
"Aisin Drivetrain, Inc.",1
Spectra Infosystems Inc,1
NextEra Energy Resources,1
Granite America,1
ServiceMax Corporation,1
Clean Energy Fuels,1
Dana Incorporated,1
Solar Energy Solutions,1
Convergint Technologies LLC,1
Wolter,1
Sazerac,1
"SICK, Inc.",1
"Paul Davis Restoration of Lexington, KY",1
Koch Air LLC,1
MCK McKesson Corporation,1
Palmer Group,1
Hoist & Crane Service Group Inc,1
"Ryan Fireprotection, Inc.",1
MCR Hotels,1
Corning,1
"Caravan Facilities Management, LLC",1
"Denios, Inc.",1
Kinder Morgan,1
Accroid Inc,1
Med-Dyne Inc.,1
BMW UK,1
American Elevator Group,1
Campus4Tech,1
H & H Consulting,1
Comfort & Process Solutions,1
Republic Services,1
EMCOR Group Inc.,1
Modigent,1
1440foods,1
Mersino Water Solutions,1
Nestlé,1
Safelite,1
GAF,1
Vodastra Technologies,1
"SMA, Inc.",1
Ryerson Inc,1
Akima,1
C&W Services,1
Morgan Foods Inc.,1
Valvoline Inc.,1
Suburban Propane,1
Qual IT Resources,1
Hunsicker,1
Kaygen,1
Webasto Careers,1
BASF,1
"Davis H Elliot Company, Inc.",1
Front Row Event & Production Management,1
MCC,1
Martinrea International,1
DuraServ,1
Med Dyne,1
Campari Group,1
Linak US,1
Daifuku Automotive America Corporation,1
TEGNA,1
Superior Star,1
Carhartt,1
Bone Dry Roofing Inc.,1
TEGNA Inc.,1
"Lincoln Manufacturing USA, LLC",1
Peak Management,1
Infiltrator Water Technologies (Decentralized Wastewater Treatment Solutions),1
Highspeed Staffing,1
CRH,1
Comfort Process Solutions,1
"Fairway Leasing, LLC dba Aaron's Sales & Lease Ownership",1
Mulzer Crushed Stone Inc.,1
Martin Automotive Group,1
Penske Logistics,1
Marmic Fire & Safety Co.,1
Wastequip,1
North Shore Gardens,1
American Water,1
Alro,1
West Shore,1
"Fanatics, Inc.",1
Lextran,1
Entegral,1
Alro Steel Corp,1
A Hiring Company,1
Anywhere Real Estate,1
"Developmental Services, Inc.",1
Curare Physician Recruiting,1
Activ8 Recruitment & Solutions,1
Follett,1
"Davis H. Elliot Company, Inc.",1
Starbucks,1
H&H Consulting,1
LexLive,1
Brinks,1
Danimer Scientific,1
The Partners Alliance,1
Delta Faucet,1
Penske,1
"Sector Technology, Inc.",1
Eastern Kentucky University,1
DICK'S Sporting Goods,1
LG&E and KU Energy LLC,1
BASF Corporation,1
Asplundh Electrical Testing,1
"King & George, LLC",1
Mindtris,1
International Paper,1
Cintas,1
DEX Imaging,1
"Franklin Precision Industry, Inc",1
Henkel AG & Co. KGaA,1
"Monro, Inc.",1
FLEMING COUNTY SCHOOLS,1
Manufacturing and Production,1
Arrow Electric Co,1
National Carwash Solutions,1
"R. J. Corman Railroad Group, LLC",1
MSCCN,1
"Hinkle Contracting Company, LLC",1
Warren County Board Education,1
Ryko Solutions,1
Pro Found Recruiting LLC,1
Ameresco,1
voestalpine Roll Forming,1
Derby City Gaming & Hotel,1
Toyota Boshoku Automotive India Pvt Ltd,1
Monument Chemical,1
Buchanan Group Inc.,1
PGA TOUR Superstore,1
Creative Circle,1
NCM Motorsports Park,1
Maximus,1
"Sunbelt Rentals, Inc.",1
"Healthcare Services Group, Inc",1
Addison Group,1
The J.M. Smucker Co.,1
Upland Hospitality Group,1
"Live Nation Worldwide, Inc.",1
FRITZ WINTER NORTH AMERICA,1
ConGlobal,1
Benelynk,1
Mulzer Family of Companies,1
Central Transport,1
Kentucky Opera,1
REAL ALLOY,1
Packaging Corporation of America,1
Michaels Stores,1
"Austin Allen Company, LLC 5109",1
Robson Forensic,1
"J.Y. Legner Associates, Inc.",1
Medvantx,1
Speed Art Museum,1
PODS,1
"Circle K Stores, Inc.",1
"Tate Ornamental, Inc",1
Aramark,1
Aimbridge Hospitality,1
Designed Conveyor Systems (DCS),1
Mueller Refrigeration,1
US0767 Prysmian Cables and Systems Usa LLC,1
CIFT,1
Werner Enterprises,1
Media Kit,1
Upland Brewing Company,1
M&L Electrical,1
Coastal Ridge Real Estate,1
Heartland Payment Systems LLC,1
ABC Technologies,1
UFC GYM,1
NIC Global,1
"YAPP USA Automotive Systems, Inc.",1
Chewy,1
Ohio County Healthcare,1
The Bardstown Bourbon Company,1
"Developmental Services, Inc. - Columbus",1
Winland Foods,1
Live Nation Entertainment,1
AZZ Inc,1
Gelpac,1
"Perdue Farms, Inc.",1
1-800-PACK-RAT,1
"Kruger, Inc.",1
B&B Machine Inc,1
VetJobs,1
RealAlloy - North America,1
"Olhausen Billiard Mfg., Inc.",1
EasyCare (APCO),1
Klausing Group,1
Iris Plastics LLC,1
Toyoda Gosei Americas,1
Opaa! Food Management,1
Slim Chickens,1
INDUSTRIAL MAINTENANCE COMPANY,1
SM&A,1
"Klausing Group, PBC",1
BILSTEIN COLD ROLLED STEEL LP,1
Stengel Hill Architecture,1
"F5, Inc.",1
GovCIO,1
Fritz Winter North America,1
RUE GILT GROUPE,1
Fabcon,1
PRESTIGE AUDIO VISUAL INC,1
Macy's,1
Sabert Corporation,1
Kobe Aluminum Automotive Products,1
Food Lion,1
EnSafe,1
J.R. Simplot Company,1
Simpson Strong-Tie,1
Quanex Custom Components Inc.,1
Mitchell Plastics Queretaro,1
Irving Materials,1
Lancaster Colony Corporation,1
Volunteers of America Mid-States,1
